Year,Inflation
2008,213.1131666667
2009,217.202
2010,220.8713333333
2011,227.7121666667
2012,231.8606666667
2013,234.9683333333
2014,236.2673333333
2015,238.0043333333
